text,score,post_title,post_id,topic
"94 and a half years left on the lease, someone earnt alot off their BTO... Remember when we were complaining about 1million dollar HDBs?",310,Clementi sees a new record with its first S$1.5M HDB resale,t3_1q53g6o,HDB
"Inflation and the concept of compounding is easy enough to understand. What people still donâ€™t understand is that the large numbers we have used as anchors will very soon be irrelevant. Remember â€œWho wants to be a millionaireâ€? It came out in 1998. The prize is still $1m - but that is just over $500k in todayâ€™s dollars. The first $1m HDB was sold in 2012. We hit $1.65m in 2025 (13 years later). At the same rate, weâ€™ll hit $2m in 2029. Thatâ€™s just 4 years.",127,Clementi sees a new record with its first S$1.5M HDB resale,t3_1q53g6o,HDB
"But have incomes kept pace? At Median and at the ""market clearing"" rate of less skilled labour (aka the SME and F&B jobs that e2i often has on hand, and are often the only ones they have available) The entire world is facing an reduction in affordability of housing, and it seems we are following suit.",83,Clementi sees a new record with its first S$1.5M HDB resale,t3_1q53g6o,HDB
"Median salary in 2012: $3480, median salary in 2025: $5500, nominal increase of 58% $1 million in 2012, $1.65 million in 2025, nominal increase of 65% So not really kept up, but itâ€™s closer than I thought.",67,Clementi sees a new record with its first S$1.5M HDB resale,t3_1q53g6o,HDB
"Whatâ€™s more important is the median starting income, since thatâ€™s not skewed by older workers who already have houses. Just using fresh grad incomes (because that the only stats we have), it was $3050 in 2012, and $4500 in 2025. A 47.5% increase. Not that this is only the fresh grad population - when we factor in the rest of the population, do we think it would be lower, or higher?",42,Clementi sees a new record with its first S$1.5M HDB resale,t3_1q53g6o,HDB
"Looked at some data, so going to adjust my views abit. Lets use the SRX Index for HDB 4 rooms rather than top prices, because those can be skewed by stuff like pricing for executive apartments being different than the stuff people usually buy. The Index for July 2012 at 143.5, for July 2025 at 213.1. So an increase of 48.5%. So, the argument that Lawrence Wong is making that increasing HDB prices are driven by increasing incomes does hold some water. This is why I talked about the ""market clearing jobs"". If someone is able to earn median income and keep earning median income throughout their lives then things may be ok.  However if they are unable to keep up due to employment issues, then it gets quite painful (especially if they need to delay their HDB purchase due to single or late marriage - which causes savings wipe out due to HDB appreciation). However this moves the politics of land price onto the politics of employment. Forcing Singaporeans to intensify, upskill and seek more lucrative employment - with Singapore already being an expensive late stage post-industrial economy - each increase in salary isn't exactly easy to fight for. For those who have not yet bought housing yet and fixed in a mortgage, there is a sense then of ""running to stay in place"" or a ""fear of being left behind"". For those who have bought housing already and fixed in a mortgage, then things can be quite chill. Which is an annoying for democracy because owners tend to outnumber buyers.",32,Clementi sees a new record with its first S$1.5M HDB resale,t3_1q53g6o,HDB
"At the same time fresh grad income also isnâ€™t particularly fair, since fresh grads arenâ€™t buying resale homes. In fact, older workers are probably the ones buying these homes, young people are applying for BTOs. Median age of homebuyers buying these $1 million+ homes is 40 years old.Median age in Singapore is 43.2.",20,Clementi sees a new record with its first S$1.5M HDB resale,t3_1q53g6o,HDB
"Who needs toto when you have BTO. Their profit is probably 800k, why dont i just quit my job and go for a bto with max subsidies",18,Clementi sees a new record with its first S$1.5M HDB resale,t3_1q53g6o,HDB
"That is fair. I did the 2012 to 2025 because its a peak to peak analysis. This does give proper credit to the cooling measures done over the 2012-2020 period that kept the prices plateaued. So 2025 buyers are very disadvantaged compared to 2019 buyers (who got to enjoy the plateau effect to the full intensity), but are about just as disadvantaged as 2012 buyers. With any luck we can have a suite of policies to replicate that price plateau again",13,Clementi sees a new record with its first S$1.5M HDB resale,t3_1q53g6o,HDB
Yeah - but itâ€™s not just housing that has outpaced wages. Education and healthcare too. Those are major expense: as well. Itâ€™s only going to get worse.,12,Clementi sees a new record with its first S$1.5M HDB resale,t3_1q53g6o,HDB
"But that largely because the resale index dip from w
2012 to 2020 after govt added cooling measures such as ABSD. 57% increase over the last 4 years is huge and I doubt most people receive 57% increase in income over the last 4 years. Naturally we are free to cherry pick any of the date to paint our picture.",9,Clementi sees a new record with its first S$1.5M HDB resale,t3_1q53g6o,HDB
We shouldnt even be following suit in the first place since the our govt has control over public housing. Other govts do not have the same setup. Unfortunately the current govt rarely takes firm action. They've been monitoring this for yearsss.,6,Clementi sees a new record with its first S$1.5M HDB resale,t3_1q53g6o,HDB
Better odds too,5,Clementi sees a new record with its first S$1.5M HDB resale,t3_1q53g6o,HDB
"Good pointâ€¦ I think weâ€™re making 2 separate but valid points here. Iâ€™m demonstrating that the most expensive public housing is getting further and further away from each generation. Youâ€™re showing that itâ€™s also moving away from people in their 40s, but at a slower rate. In any case, weâ€™re both showing that things are still skewing to the rightâ€¦",4,Clementi sees a new record with its first S$1.5M HDB resale,t3_1q53g6o,HDB
Percentage of graduates would have gone up. So the overall increase in salary should have gone up by more than 47.5%.,4,Clementi sees a new record with its first S$1.5M HDB resale,t3_1q53g6o,HDB
I think resale flat prices have increased ~40% within the last few years alone. Quite obvious that it's impossible for salary of the majority to keep pace with it.,4,Clementi sees a new record with its first S$1.5M HDB resale,t3_1q53g6o,HDB
"If you earn median salary you can BTO, both as a single and as a 2 median income household. I think in terms of looking at affordability it should really be tracking BTO prices, not resell prices.",2,Clementi sees a new record with its first S$1.5M HDB resale,t3_1q53g6o,HDB
from monitoring to almost total silentâ€¦ is it me or chee hong tat is remarkably much more quiet about the housing situation than that monitor lizard.,2,Clementi sees a new record with its first S$1.5M HDB resale,t3_1q53g6o,HDB
It's proven that this works on Singaporeans. NCM avoided talking about the sale of Income during elections and got elected again. Haha.,2,Clementi sees a new record with its first S$1.5M HDB resale,t3_1q53g6o,HDB
"Precisely. Keeping quiet about issues works in favour of the govt because all those who don't keep up with politics will not even realise there's a problem and PAP gets to maintain their whiter than white image, and PAP simply get reelected. The people have to be sufficiently ignorant and simple minded for the govt to pull it off consistently though. And unfortunately that's the kind of electorate we have.",2,Clementi sees a new record with its first S$1.5M HDB resale,t3_1q53g6o,HDB
"Sorry! I press the wrong key on my computer and pre-sent my response before I got the formatted properly. Had to delete and reformat. This discussion probably goes way deeper than what is appropriate on a public forum, feel free to PM me if you wanna chat more in depth about it!",2,Clementi sees a new record with its first S$1.5M HDB resale,t3_1q53g6o,HDB
He meant that it has better odds than toto...,2,Clementi sees a new record with its first S$1.5M HDB resale,t3_1q53g6o,HDB
"to add on, maybe we should look at the outcomes end: median age of first home ownership (when they actually take keys), should be an interesting trend",1,Clementi sees a new record with its first S$1.5M HDB resale,t3_1q53g6o,HDB
"Doesnâ€™t mean more people like him. When we have compulsory elections, people that donâ€™t keep up with politics will simply vote for the PAP. Our elections arenâ€™t reflective of the people.",1,Clementi sees a new record with its first S$1.5M HDB resale,t3_1q53g6o,HDB
"Btw I received a notification of your reply, but Reddit seems to have blocked your reply so I canâ€™t see it.",1,Clementi sees a new record with its first S$1.5M HDB resale,t3_1q53g6o,HDB
Calling it weâ€™re going to see the first $2 mil HDB flat in 2026 Edit: additional. The monitoring will continue. Covid related delays will continue to be used as a factor,166,"Over 13,400 HDB flats to reach MOP in 2026; analysts say supply could moderate resale price growth",t3_1pxe5dm,HDB
People who flip after MOP aren't going to sell for low lmao,143,"Over 13,400 HDB flats to reach MOP in 2026; analysts say supply could moderate resale price growth",t3_1pxe5dm,HDB
Proftting off subsidised flats in the resale market is a feature not a bug.,55,"Over 13,400 HDB flats to reach MOP in 2026; analysts say supply could moderate resale price growth",t3_1pxe5dm,HDB
"likely so, the dawson ones have shown incredibly strong price appreciation for some reason",31,"Over 13,400 HDB flats to reach MOP in 2026; analysts say supply could moderate resale price growth",t3_1pxe5dm,HDB
The Dawson ones?,25,"Over 13,400 HDB flats to reach MOP in 2026; analysts say supply could moderate resale price growth",t3_1pxe5dm,HDB
The Dawson blocks that would be MOP in 2026 are architecturally stunning.,20,"Over 13,400 HDB flats to reach MOP in 2026; analysts say supply could moderate resale price growth",t3_1pxe5dm,HDB
"They should make DINKs who sell after MOP sell back to the HDB at CPF OA appreciation rate i.e. breakeven. No kids, no BTO windfall.",17,"Over 13,400 HDB flats to reach MOP in 2026; analysts say supply could moderate resale price growth",t3_1pxe5dm,HDB
"Government dam genius. Want to increase fertility rate, implement a policy that encourage marriages. All you end up with is a bunch of DINKs.",16,"Over 13,400 HDB flats to reach MOP in 2026; analysts say supply could moderate resale price growth",t3_1pxe5dm,HDB
"Unpopular opinion but we shouldn't just vilify the current batch of homeowners who sell their BTOs after MOP. I'm all against BTOs / HDBs being an ""investment"" to be flipped for profits, and I've personally acted accordingly (buying a home that's right sized for us and we have no intentions to flip to buy a condo or whatever). But that said, the villians aren't the individual homeowners who sell their BTOs after MOP. Do they contribute to the problem? Yeah sure, in a small way. However even if one were altrustic to the point of selling it for the price they paid, the seller of their next home wouldn't give them a discount and they'll be stuck without a home. Fuck those who buy with the intention of flipping. However, let's point fingers in the right direction (changing the mind of one homeowner to sell below the current market rate wouldn't change the course of the market): the property agents who push the flip BTO / HDB / sell one buy two, as well as the HDB system (under the government from the 00s or before to even now) that perpetuate the system. I therefore make the argument that if you're angry with the resale price of HDBs, if you're a single who is pissed at the cost of housing and the unfairness of it all, point your efforts in the right direction. The HDB system and the people who are in charge. Start with speaking out against the system even when you've gotten your BTO, speak to others who just crucify the homeowners without thinking about the system that causes the homeowners to act the way they do. Even lobby your MPs or the political party you support to push for reform for the system. Perhaps to launch more BTOs, perhaps to reform property advertisements by realtors, or some other innovative ways you may come up with. Because we're all in this together.",14,"Over 13,400 HDB flats to reach MOP in 2026; analysts say supply could moderate resale price growth",t3_1pxe5dm,HDB
The sellers are not to blame. Blame HDB if anyone. HDB ownself value a newly MOP house at a $1mil+ but allow the people to bto only at $500k?,13,"Over 13,400 HDB flats to reach MOP in 2026; analysts say supply could moderate resale price growth",t3_1pxe5dm,HDB
"The people that I ultimately blame for this resale housing price crisis is the PAP Govt. The HDB runs this system, the Govt runs HDB, the PAP runs the Govt. It's a disaster of their own making. Better to stop this system now and eat the cost, than to allow it to continue to run and let the cost to balloon up.",8,"Over 13,400 HDB flats to reach MOP in 2026; analysts say supply could moderate resale price growth",t3_1pxe5dm,HDB
Theyâ€™ll then overpay for another flat,5,"Over 13,400 HDB flats to reach MOP in 2026; analysts say supply could moderate resale price growth",t3_1pxe5dm,HDB
"Ya lol never think properly, or either that, planned for. Eugenics also failing hard. More and more high earners / intellectuals don't wanna have kids. Rather travel, have freedom, FIRE etc.",5,"Over 13,400 HDB flats to reach MOP in 2026; analysts say supply could moderate resale price growth",t3_1pxe5dm,HDB
"Actually its better to sell when the price is low because if they are gonna flip into private, private will be low as well. The gap would be at its smallest. Sell low buy low is better than sell high buy high.",5,"Over 13,400 HDB flats to reach MOP in 2026; analysts say supply could moderate resale price growth",t3_1pxe5dm,HDB
â€œGo watch Rick and Mortyâ€ lol,4,"Over 13,400 HDB flats to reach MOP in 2026; analysts say supply could moderate resale price growth",t3_1pxe5dm,HDB
feels like its intended to be that way..,3,"Over 13,400 HDB flats to reach MOP in 2026; analysts say supply could moderate resale price growth",t3_1pxe5dm,HDB
They will have to consider lowering the price if no one is buying in a few months lol,3,"Over 13,400 HDB flats to reach MOP in 2026; analysts say supply could moderate resale price growth",t3_1pxe5dm,HDB
"How to have kids when the money have to either: go to kids go to personal enjoyment If you choose kids, you also have to deal with not having anymore personal time. Early infantcare needs time, the time come from where? Take maternal/paternal leave also got limit. Got so much mafan that comes with kids that you're just supposed to shoulder on your own with your family, a little hard to make that jump at personal expense of comfort ngl. Personal enjoyment much easier, dunnid to carry financial burden for 20 years, dunnid to deal with a whole other person and their emotional burdens, do whatever you want with your partner whenever y'all feel like. Kid-havers will say ""Who will take care of you when you old?!"" like old people aren't fucking adults capable of planning ahead and making sure their own needs are met? Fucking delusional. If you need to have kids to be your retirement plan, then you're having kids for the wrong reasons. Worst case just throw me in the sea bro idfc lmao",2,"Over 13,400 HDB flats to reach MOP in 2026; analysts say supply could moderate resale price growth",t3_1pxe5dm,HDB
I don't think anyone is criticizing DINKs per se lol. The discussion here is that the purpose of the policy is not giving the intended outcome. They want ppl to marry then can have house so cna have kids but that's not what is happening. Whether one chooses to have kids or otherwise is a whole separate discussion leh,2,"Over 13,400 HDB flats to reach MOP in 2026; analysts say supply could moderate resale price growth",t3_1pxe5dm,HDB
"If we run full circle, we kinda voted the PAP in. Sigh.",2,"Over 13,400 HDB flats to reach MOP in 2026; analysts say supply could moderate resale price growth",t3_1pxe5dm,HDB
I think the problem is that there already are enough Singaporeans who are well off enough that don't care about the property prices(HDB or otherwise) so a revolution is never going to happen even if govt does nothing,2,"Over 13,400 HDB flats to reach MOP in 2026; analysts say supply could moderate resale price growth",t3_1pxe5dm,HDB
"True. Every developed country is probably asking the same question of ""How do we get people to produce more indentured servants so that we don't have to import them from other countries?""",1,"Over 13,400 HDB flats to reach MOP in 2026; analysts say supply could moderate resale price growth",t3_1pxe5dm,HDB
"Your assumption is that the gap between public and private housing will stay the same. But think about it, incremental new supply for HDBs are all lower priced than prevailing resale. Whereas incremental new supply for condos (new launch) are multiples HIGHER priced than prevailing resale. Furthermore, in the last 4yrs, HDB prices have actually appreciated more than condos. It makes a lot more sense that private housing prices should be at a much higher price gap than public housing, than what we see today",1,"Over 13,400 HDB flats to reach MOP in 2026; analysts say supply could moderate resale price growth",t3_1pxe5dm,HDB
"Even if its not the same, its still more likely better to sell low buy low. For example now hdb 1mil private 2.5mil. Gap 1.5mil Hdb drop 10% and private drop 5%. So hdb will be 900k private 2.375 mil. Gap 1.475mil. You save 25k. Compared to the other way round if hdb appreciate 10% and private appreciate 5%, hdb 1.1 mil and private 2.625mil. Gap 1.525 mil. You will be 50k poorer if you flip.",1,"Over 13,400 HDB flats to reach MOP in 2026; analysts say supply could moderate resale price growth",t3_1pxe5dm,HDB
"Ya, if the price low they will just refuse to sell.",-4,"Over 13,400 HDB flats to reach MOP in 2026; analysts say supply could moderate resale price growth",t3_1pxe5dm,HDB
"Donâ€™t be duped. Number of BTO Flats launched per year- 2011: 25,200 flats
- 2012: 27,000 flats
- 2013: 25,100 flats
- 2014: 22,400 flats
- 2015: 16,900 flats 
- 2016: 17,891 flats
- 2017: 17,548 flats
- 2018: 15,800 flats
- 2019: 14,600 flats
- 2020: 16,800 flats
- 2021: 17,100 flats
- 2022: 23,200 flats
- 2023: 22,800 flats
- 2024: 19,600 flats
- 2025: 19,700 flats That means an average of 17,650 flats-> see edit <-over the next two years. Supply is actually going down but heâ€™s making it seem like he pushed it to go up. Source: 
-Flats supply 2011-2015-Flats supply 2016-2017-Flats supply 2018-2020-Flats supply 2021-2024-Flats supply 2025-2027 (projected): OPâ€™s article â€”- Edit: I reread the article. He says thereâ€™s 19600 flats planned in 2026. That means weâ€™re in for a shocking 15,700 flats to launch in 2027, which will be the second lowest in 17 years. Unless heâ€™s just saying this to make himself look good in the future, give us low numbers now then increase later and then pat himself on the back to say â€œlook what good a job Iâ€™ve done!â€",220,HDB set to pump up BTO flat supply further to moderate resale prices: Chee Hong Tat,t3_1q71nuv,HDB
Pump up supply story been going on for years. Letâ€™s see about the resale prices,182,HDB set to pump up BTO flat supply further to moderate resale prices: Chee Hong Tat,t3_1q71nuv,HDB
"Cause the increase isnâ€™t that much. 2022-2025 were mostly boosted by backlog. Year  Approx. No. of BTO Flats Launched
2001  3,000 2002  2,000 2003  2,000 2004  3,000 2005  3,000 2006  2,000 2007  2,000 2008  5,000 2009  9,000 2010  16,000 2011  25,000 2012  27,000 2013  25,000 2014  22,000 2015  16,000 2016  15,000 2017  17,000 2018  15,000 2019  14000 2020 16000 2021 17100 2022 2320p 2023 22800 2024 19600 2025 19600 2026 19700. 2027 15700",164,HDB set to pump up BTO flat supply further to moderate resale prices: Chee Hong Tat,t3_1q71nuv,HDB
I commend your dedication to find the stats and present them in this table,66,HDB set to pump up BTO flat supply further to moderate resale prices: Chee Hong Tat,t3_1q71nuv,HDB
"Resale pricing is going to get a lot worse. I just got my resale recently at a rather high urgency because if you look at plh model, number of new units per year hitting MOP is going to start dropping off a cliff soon for the prime/plus area since there will be a jump from 5-10 years for the housing units in that category. That's going to directly or indirectly push up the pricing for the resale units as a whole. This is especially the case for 2/3 rooms imo where the main buyer group is singles who cant stand waiting forever to move out from their parents place post 35.",42,HDB set to pump up BTO flat supply further to moderate resale prices: Chee Hong Tat,t3_1q71nuv,HDB
If they remove the wait out period of private owners to move to hdb. Resale will still go up,31,HDB set to pump up BTO flat supply further to moderate resale prices: Chee Hong Tat,t3_1q71nuv,HDB
Elderly are waived from the waiting period.,31,HDB set to pump up BTO flat supply further to moderate resale prices: Chee Hong Tat,t3_1q71nuv,HDB
Add in number of months it takes to buildâ€¦ really pain in the ass,28,HDB set to pump up BTO flat supply further to moderate resale prices: Chee Hong Tat,t3_1q71nuv,HDB
"They actually have not done much till recently. With more supply of new flats at lower prices, home buyers have more choices and this should moderate demand for resale prices. Just ask yourself, if you can get a new flat for cheaper, would you pay significantly higher for a resale?",23,HDB set to pump up BTO flat supply further to moderate resale prices: Chee Hong Tat,t3_1q71nuv,HDB
"Yes, if it means getting a place immediately, Iâ€™ll pay the price. Itâ€™s still significantly cheaper than renting a place.",18,HDB set to pump up BTO flat supply further to moderate resale prices: Chee Hong Tat,t3_1q71nuv,HDB
True. And he did say he is monitoring for a suitable time to drop this restriction.,14,HDB set to pump up BTO flat supply further to moderate resale prices: Chee Hong Tat,t3_1q71nuv,HDB
Nonsense. The number of foreigner workers for construction sector has increased from 300k to 450k. The growth rate % has slow but it doesnâ€™t mean thereâ€™s a cap on workers quota. Construction of new hdb has also moved towards pre fab with 25% productivity increase since 2010. Itâ€™s a deliberate choice to build less not cause â€œlack of workersâ€.,11,HDB set to pump up BTO flat supply further to moderate resale prices: Chee Hong Tat,t3_1q71nuv,HDB
Elderly can buy 4 room flat and smaller,11,HDB set to pump up BTO flat supply further to moderate resale prices: Chee Hong Tat,t3_1q71nuv,HDB
I can accept the COVID backlog...but the two lowest years were 2018 and 2019 which came just before that and likely caused things to snowball,9,HDB set to pump up BTO flat supply further to moderate resale prices: Chee Hong Tat,t3_1q71nuv,HDB
"cheaper than renting Yes but for a lot of people its usually 3 options: stay with parents while waiting for BTO, rent while waiting for BTO, resale.",8,HDB set to pump up BTO flat supply further to moderate resale prices: Chee Hong Tat,t3_1q71nuv,HDB
"The intention is not to push the elderly to downgrade, but rather to artificially lower demand. However, it works for the first 15 months from implementation. By the start of the 16th month, it's back to normal.",5,HDB set to pump up BTO flat supply further to moderate resale prices: Chee Hong Tat,t3_1q71nuv,HDB
"Good news is not everyone thinks like you, hence the premium will go down as more people bid and get BTO",5,HDB set to pump up BTO flat supply further to moderate resale prices: Chee Hong Tat,t3_1q71nuv,HDB
"as usual, monitoring forever.",4,HDB set to pump up BTO flat supply further to moderate resale prices: Chee Hong Tat,t3_1q71nuv,HDB
"MND ministers as per Wikipedia, for those interested: KBW: 2011-2015
LW: 2015-2020
Desmond Lee: 2020-2025
CHT: 2015-present",3,HDB set to pump up BTO flat supply further to moderate resale prices: Chee Hong Tat,t3_1q71nuv,HDB
"Second paragraph â€œIf the demand for new flats remain strong, Iâ€™ve asked HDB to go beyond 55,000 flats so that we are able to meet the strong demand with a robust supply.â€",2,HDB set to pump up BTO flat supply further to moderate resale prices: Chee Hong Tat,t3_1q71nuv,HDB
There is also the deterrent effect.,1,HDB set to pump up BTO flat supply further to moderate resale prices: Chee Hong Tat,t3_1q71nuv,HDB
"Credit to them, the 3 year or shorter wait time flats offset some potential resale buyers who are more in a rush",1,HDB set to pump up BTO flat supply further to moderate resale prices: Chee Hong Tat,t3_1q71nuv,HDB
"Articles from this site may be behind a paywall which affects others' ability to view the content. If so, please comment a summarised but not copied version of it, or your submission may be removed. I am a bot, and this action was performed automatically. Pleasecontact the moderators of this subredditif you have any questions or concerns.",0,HDB set to pump up BTO flat supply further to moderate resale prices: Chee Hong Tat,t3_1q71nuv,HDB
"Which is strange and conflicting if they want the elderly to downgrade from their condo/landed. Iirc, there's a 12-15(?) month period where these downgraders cannot purchase a resale HDB. Where would they stay for 1.5 years if they were to downgrade? Pumping the rental market instead? So, would they rather these elderly whose children have all moved out stay in a central location, or landed property instead of a younger family? Do the retirees need to stay near the CBD more or a working couple?",0,HDB set to pump up BTO flat supply further to moderate resale prices: Chee Hong Tat,t3_1q71nuv,HDB
"I'm not sure if it's relates, but the little india riots in 2013 placed a limit on the foreign workers we could host, limiting the rate of building BTO and hence slowing it down and unless someone from MoM is announcing more foreign workers intake, or that HDB is cannibalizing private developer manpower, there is only so much we can build within a year",-14,HDB set to pump up BTO flat supply further to moderate resale prices: Chee Hong Tat,t3_1q71nuv,HDB
"Document on social media is probably the only reliable way. Leak from exterior to interior usually complain > they apply cement or whatever compound inside for you only, then it will recur and recur until they do major work then you get a chance that they will do together. Now not election period so no urgency too.",255,20 years of dealing with HDB's issue and town council failing to provide any permanant solution,t3_1pm80s2,HDB
get mainstream media or mothership involved,245,20 years of dealing with HDB's issue and town council failing to provide any permanant solution,t3_1pm80s2,HDB
info@mothership.sghello@mustsharenews.comnews@theindependent.sgstomp@sph.com.sg From some homework I did previously when I wanted to blow shit up,122,20 years of dealing with HDB's issue and town council failing to provide any permanant solution,t3_1pm80s2,HDB
OP wants to â€œblow this upâ€ but doesnâ€™t name his/her MP or town council ðŸ¤·â€â™‚ï¸,113,20 years of dealing with HDB's issue and town council failing to provide any permanant solution,t3_1pm80s2,HDB
"For MSM, look at who covers housing and go direct to the desk editors or reporters. More effective than emailing the generic email or the main editors of the paper. Good luck.",112,20 years of dealing with HDB's issue and town council failing to provide any permanant solution,t3_1pm80s2,HDB
I actually thought about blowing this up. But i'm not sure how. Any idea/experience with this? I remember writing in to mothership once. They didn't reply.,105,20 years of dealing with HDB's issue and town council failing to provide any permanant solution,t3_1pm80s2,HDB
Who is your MP?,80,20 years of dealing with HDB's issue and town council failing to provide any permanant solution,t3_1pm80s2,HDB
"Also water seepage into someoneâ€™s flat is a very serious issue. If MP does not follow up, then MP is a bad MP as water seepage can potentially cause structural issues overtime.",63,20 years of dealing with HDB's issue and town council failing to provide any permanant solution,t3_1pm80s2,HDB
I don't think the issue has been as long as yours but buddy same. We renovated thinking the issue was solved for good after the last complaint and within 2 years the water damage rotted out the back of our built in cupboards.,52,20 years of dealing with HDB's issue and town council failing to provide any permanant solution,t3_1pm80s2,HDB
Thank you.,23,20 years of dealing with HDB's issue and town council failing to provide any permanant solution,t3_1pm80s2,HDB
ðŸ¤£ thanks alot!,21,20 years of dealing with HDB's issue and town council failing to provide any permanant solution,t3_1pm80s2,HDB
I mean it is a structural issue and technically the MP could help to expedite work by the relevant agency but the OP didn't elaborate the interaction for MPS or other interaction,20,20 years of dealing with HDB's issue and town council failing to provide any permanant solution,t3_1pm80s2,HDB
I too have this issue.,20,20 years of dealing with HDB's issue and town council failing to provide any permanant solution,t3_1pm80s2,HDB
"Thatâ€™s cos the waterproof layer at the roof not maintained. No matter how well you do waterproofing on your end is useless cos the water will get behind the layer and peel off. Actually this issue is more dangerous than it seems. Immediate is ofc damage to furniture, but more importantly bad waterproofing leads to premature deterioration of cement and even the rebar inside the structure. Donâ€™t think you are the only one facing the issue - raise collectively across all the units on ur level, and demand a in-depth engineering assessment of the structural integrity. Put it across as engineering safety rather than just common resident concern. Best is if there are some falling bits of concrete also - spalling concrete means the damage is alr extensive and that the people who are sitting on their thumbs have caused grave damage. Basically, exaggerate the issue. Say äººå‘½å…³å¤© or smth like that",17,20 years of dealing with HDB's issue and town council failing to provide any permanant solution,t3_1pm80s2,HDB
"Write to Minister in charge of MND and state the timeline involved. Tell them if no response, you go public.",10,20 years of dealing with HDB's issue and town council failing to provide any permanant solution,t3_1pm80s2,HDB
"Hey buddy, is this for the top floor also?",8,20 years of dealing with HDB's issue and town council failing to provide any permanant solution,t3_1pm80s2,HDB
"Send to newspaper. Remember, the people in charge at HDB and TC are of the newspaper generation. If it big enough to reach newspaper, then it means it has become a big hoo-hah liao in management's mind. It worked with my mom,albeit for a different issue(the original article was on shin min daily XD), authorities descended on that store and supplier in 24 hours of that article being published.",7,20 years of dealing with HDB's issue and town council failing to provide any permanant solution,t3_1pm80s2,HDB
Email Shinmin daily!,2,20 years of dealing with HDB's issue and town council failing to provide any permanant solution,t3_1pm80s2,HDB
"I wonder if getting SCDF involved is useful also sia? I mean, they have a vested interest in ensuring that the roof above our heads donâ€™t cave in right?",2,20 years of dealing with HDB's issue and town council failing to provide any permanant solution,t3_1pm80s2,HDB
"Make a TikTok, put all evidence, tag all msm outlets",1,20 years of dealing with HDB's issue and town council failing to provide any permanant solution,t3_1pm80s2,HDB
Yep,1,20 years of dealing with HDB's issue and town council failing to provide any permanant solution,t3_1pm80s2,HDB
"In the most respectful way, am i obligated to name them here? Is it relevant? I think it's more relevant to provide such information to the relevant people that might handle this issue isn't it? I.e. the press.",1,20 years of dealing with HDB's issue and town council failing to provide any permanant solution,t3_1pm80s2,HDB
That's because the key takeaway is that the issue was never permanantly fixed. I have the receipts ready for any press that decides to pick this up if that helps.,1,20 years of dealing with HDB's issue and town council failing to provide any permanant solution,t3_1pm80s2,HDB
Hope to see OP on Mothership soon but doubt so since they seem to be evasive lmao. Maybe Mothership want to interview but in the end siam too many questions until they also give up.,1,20 years of dealing with HDB's issue and town council failing to provide any permanant solution,t3_1pm80s2,HDB
"Why would I siam an establishment that can provide a voice? Do let me know how doxxing my previous MPs here can help with the situation. Id gladly give the names to the press, but why here?",0,20 years of dealing with HDB's issue and town council failing to provide any permanant solution,t3_1pm80s2,HDB
Colleague btoed 4 room chai chee told me 480k if I didn't hear wrong. Then the 5 room 700k. So this is how they peg new flat to resale prices huh. Some more not prime area. So I guess the feedback loop would just feed prices up and up,113,Prime HDB flats still oversubscribed under new framework but demand eases with higher supply,t3_1psoxvf,HDB
"nah, actually just don't let HDB be resold in open market ... and back to the G. it will, instantly collapse the resale market of these overpriced units. also probably, prevent a small percentage of people being able to move up to condo. but thats a good compromise for this otherwise problem that is getting worse",66,Prime HDB flats still oversubscribed under new framework but demand eases with higher supply,t3_1psoxvf,HDB
"If they're really serious about controlling prices and not letting people have this buying homes for investment mindset, they need to extend the number of years further. Greed has no bounds. Otherwise we are forever looped into this vicious cycle of resale flats never being affordable. How much more BTOs can you build until you run out of land for a fresh batch of homes at an introductory price?",50,Prime HDB flats still oversubscribed under new framework but demand eases with higher supply,t3_1psoxvf,HDB
Macpherson SOBF 5 room $950k,37,Prime HDB flats still oversubscribed under new framework but demand eases with higher supply,t3_1psoxvf,HDB
Agents doing the dirty works to justify the price,35,Prime HDB flats still oversubscribed under new framework but demand eases with higher supply,t3_1psoxvf,HDB
Its BTOver guys.,32,Prime HDB flats still oversubscribed under new framework but demand eases with higher supply,t3_1psoxvf,HDB
"I donâ€™t catch why youâ€™re trying to say. Are you saying the BTO prices are low or high? If youâ€™re saying itâ€™s high, Iâ€™m not surprised as Bedok would be classed a mature estate under the old classification. Median price of the newer resale 4 room flats were also transacting at $800k++ in Oct! $480k for a new 4 room now is super cheap and a steal.",31,Prime HDB flats still oversubscribed under new framework but demand eases with higher supply,t3_1psoxvf,HDB
"As part of the newer gen, I just find it bitter that arguably the best HDB of all time (i.e., Pinnacle) is able to escape all the restrictions that come with Prime. Also some projects in city fringe like Bidadari, Dakota that were released before Prime classification. I don't care about flipping, but 10 years MOP is too long to justify living in Prime. I can't even reliably predict what will happen in the next 5 years, let alone 10.",28,Prime HDB flats still oversubscribed under new framework but demand eases with higher supply,t3_1psoxvf,HDB
"Holy shit! I feel blessed I'm over this BTO thing (Twice, old process) as looking at the new system and pricing, damn! The worst thing to me is you are paying more for less space. Prime/prime+ is the worst.",27,Prime HDB flats still oversubscribed under new framework but demand eases with higher supply,t3_1psoxvf,HDB
"Macpherson 5 room is basically for the richest that can BTO though, meaning 14k household income (is it higher now?). If you have 14k household income AT the point of BTO, I dont think 950k HDB is so insanely stressful. Minimum annual is 170k-180k? Including CPF. (Forgive me if mistake, I haven't BTO before).",22,Prime HDB flats still oversubscribed under new framework but demand eases with higher supply,t3_1psoxvf,HDB
"personally applied for Chai Chee BTO Oct 2025. According to the PDF brochure provided itâ€™s $498k - $624k. According to rough calculations, every 1 floor up is +$9k. Haiz so itâ€™s not that cheap also",14,Prime HDB flats still oversubscribed under new framework but demand eases with higher supply,t3_1psoxvf,HDB
"I'm also part of the newer generation, and narrowly escaped the 10 year MOP, although my home is not in central location, it might have been a ""plus"" project. I really like my home, and I'm not planning to sell at all. Even still, I don't think I would have applied for it if it had a 10 year MOP. Like you mentioned, it's really close to impossible to predict that far into the future. Not to mention, it's not even 10 years that we are talking about, with the build time, it's closer to 15 years before the owner can sell. If I have a child this year, what if we want to move closer to their secondary school in future? That wouldn't have been a possibility, even though we can potentially rent a home closer to their secondary school in future, there'll still be a bigger problem: plus and prime BTOs cannot be rented out as an entire home. There's actually little to no way out of this situation.",7,Prime HDB flats still oversubscribed under new framework but demand eases with higher supply,t3_1psoxvf,HDB
"Like all newer 5 room BTOs, the Macpherson 5 room is ~113 sq metre (including air con ledge). This is significantly smaller than a lot of older 5 rm resale flats, with plenty in the >120 sq metre range. Most of the price comparisons really ought to consider flat size as well.",6,Prime HDB flats still oversubscribed under new framework but demand eases with higher supply,t3_1psoxvf,HDB
is this from the oct 2025 bto launch?,5,Prime HDB flats still oversubscribed under new framework but demand eases with higher supply,t3_1psoxvf,HDB
"It's not just about the size. Those Macpherson SBF belongs to Macpherson Blossom, which is the closest project near Macpherson MRT. These units are the youngest nearby, and there are only 32 5 room units in that project. Macpherson Spring, which is nearby, doesn't even have 5 room units. That's what will make it way more expensive in future. I don't even like that area, but it's not hard to see why it'll almost be certain to hit at least 1.5 mil in future. So yes, it is a steal at $950k, considering how other units in Macpherson Spring are selling at 1mil-1.2mil, and those are just 4 room units. Is it something that I will pay to stay in though? No because I don't see the benefits to paying so much to stay in Macpherson. It doesn't mean that others will view it the same way as me. Regardless, the facts do show that $950k really is reasonable, unless HDB wants to encourage flippers to go for these units and keep these profits into their own pocket.",3,Prime HDB flats still oversubscribed under new framework but demand eases with higher supply,t3_1psoxvf,HDB
"What's the TOP for your 4 room flat. Idk what you're living in, cant really discuss at all.",3,Prime HDB flats still oversubscribed under new framework but demand eases with higher supply,t3_1psoxvf,HDB
"""Prices chasing their tails"" has happened before after HDB first opened the resale market. History sure rhymes a lot. And all of it was documented by Prof Chua Beng Huat in his bookPublic Subsidy / Private Accumulation. Highly recommended read and one of the few books I bought the hard copy of.",3,Prime HDB flats still oversubscribed under new framework but demand eases with higher supply,t3_1psoxvf,HDB
"Yes that is what I have been thinking too. Reasonably speaking, if you buy a flat at a very early age of 25 years old, you donâ€™t need 99 years of lease, maybe 70 years will do. Shorten the leases so the lease decay effect kicks in faster and there would be less speculation.",2,Prime HDB flats still oversubscribed under new framework but demand eases with higher supply,t3_1psoxvf,HDB
"Hi i just got my ballot results for Oct 2025 TPY BTO, where do u find the pdf brochure?0",1,Prime HDB flats still oversubscribed under new framework but demand eases with higher supply,t3_1psoxvf,HDB
Pinnacle was an experiment which worked out too well. Theyre trying to prevent another pinnacle from happening.  There will never be another ever again.,1,Prime HDB flats still oversubscribed under new framework but demand eases with higher supply,t3_1psoxvf,HDB
Then why does my four room flat feel way larger than a 5 room flat nowadays? You can't even fit a proper double bed and table and chair and stuff in the master bedrooms anymore.,0,Prime HDB flats still oversubscribed under new framework but demand eases with higher supply,t3_1psoxvf,HDB
I havenâ€™t really done the math tbh but I would assume a combined income of $10k would be able to afford it and flip it for $1.1m-$1.2m at least when it MOPs in (I think) 4 yearsâ€™ time. Also there arenâ€™t any other new 5 rooms in the area for now at least. The other ones are the much older ones around Circuit Road,-2,Prime HDB flats still oversubscribed under new framework but demand eases with higher supply,t3_1psoxvf,HDB
"The decrease of flat size is a myth according to government. Other than the period of 1995-2000 when the HDB built 5 rm flats which were 120-130sqm, 5 room flats have always been around 110-120 sqm, so the Macpherson 5 room is actually in the middle. The issue is just that there are fewer and fewer 5 room flats to go around. And last time got weird stuff like EA, DBSS whatever nonsense. But this is a double-edged sword so it is difficult to complain about it, it means there are more 3 and 4 rooms for lower-income folks to buy more comfortably. Anyway, the point is that the best bto 5 room flat in the best location is affordable for a 2-income, median-income local uni grad couple. I think that is really damn good already cos this the top end of public housing and you dont need to be like double law degree or something to be able to afford comfortably.",-2,Prime HDB flats still oversubscribed under new framework but demand eases with higher supply,t3_1psoxvf,HDB
"Or just reduce the leasehold time maybe to 60 years. The thing is the price decay with 99 years, the first 20 years it appreciates more than it decays, and since it is really leveraged and unlikely to go down in value (since you are buying below market price with bto), itâ€™s very lucrative investment. The price decay only hurts when you are like 50 years flat or below. If BTO starts at 60, by the time they MOP, itâ€™s already very not lucrative to flip.",-4,Prime HDB flats still oversubscribed under new framework but demand eases with higher supply,t3_1psoxvf,HDB
Ya so quite frankly 950k isn't crazy. It's... normal and expected?,-5,Prime HDB flats still oversubscribed under new framework but demand eases with higher supply,t3_1psoxvf,HDB
"seems like people here believe in car lite at all cost. if one actually read the reasoning, it makes perfect sense in this case",189,Upper Serangoon Rd bus lane removed,t3_1q62qrd,BTO
"The reasoning + actual result should have been better communicated. The bus lane was NOT removed completely. It was turned into a dotted line, meaning cars turning left can change lane earlier, rather than causing traffic to back up and hold up traffic, which includes other busses. IMO this was a failure in communication. Itâ€™s a positive change that benefits all road users.",108,Upper Serangoon Rd bus lane removed,t3_1q62qrd,BTO
"Not sure about this one, but there are a lot of retarded bus lanes, which gives like 1 car length of dotted lines before a major slip road and cars have to queue up next to the bus lane and then force their way into that dotted area, which means the buses will be blocked at the dotted line area if the flow is blocked AND they cannot drive around this block because they are hemmed in by a continuous queue of cars in the next lane. Car lite doesnt have to mean unusable roads. Fire engines and ambulances use the roads too. There are smarter ways to restrict car usage, eg road pricing that will not come at a cost of people dying because emergency vehicles get blocked on choked roads due to bad design.",82,Upper Serangoon Rd bus lane removed,t3_1q62qrd,BTO
"The bus lane there was as good as wasted space since they made the bay to be almost to be ridiculously long. The busses weren't using it as they were traveling in the bay, and other users couldn't use it either ðŸ˜… What they should have done from day 1 is change the yellow box (which was in the original dotted area, and hasn't changed) to a mandatory give way to busses sign. That would have helped to speed up bus services. I don't think stopping to give way for a minute or less before turning left to go home would be an issue to me or any other of my fellow residents.",34,Upper Serangoon Rd bus lane removed,t3_1q62qrd,BTO
"Ok, so just some background on this particular bus lane. Before it was converted into dotted yellow lines, it was already a pointless bus lane, cos it was a dotted line for a few metres after the filter lane, followed by a very short stretch of straight yellow line, and then it becomes dotted the whole way again. The issue was, cars found it very difficult to filter from Bidadari Park Drive to Upper Serangoon Road during peak hours as they had to filter two lanes at one go. This resulted in quite a lengthy backlog along Bidadari Park Drive in the morning AND buses plying along Bidadari Park Drive ended up being delayed too. For those cars who dared to venture out, some got stuck in the bus lane trying to filter into the non-bus lane. They essentially blocked the whole bus lane although the whole lane ahead was completely clear. And you have to remember they had to filter out just cos of that small stretch of solid yellow line which ends up becoming dotted again. So buses got stuck behind such cars because of the solid yellow line. Of course some cars got pressured and just drove ahead in the bus lane anyway but LTA likes to station enforcement officers there as well lol. Anyway, if they are going to the expressway they are forced to turn back to the dotted yellow line anyway... And those who are going towards bendemeer have to eventually filter out anyway. Just that now they have more opportunity to gain speed and filter out rather than get stuck there and depend on the goodwill of drivers. Just giving some context as to this change. I don't think if affects the car lite vision or what.",34,Upper Serangoon Rd bus lane removed,t3_1q62qrd,BTO
"Dotted yellow line is as good as no bus lane because of our driver attitudes. Look at how they speed up when one signals, or when they refuse to stop at zebras. You think they will just guai guai exit the lane?",16,Upper Serangoon Rd bus lane removed,t3_1q62qrd,BTO
"While I do not disagree with the outcome you want, it is not always the case that A=B therefore C. In this specific instance, buses are also caught in the jam. I take bus 107 to work and it takes a hell of a long time just to clear that junction in the mornings. Also, the road ahead splits into like 5 different paths. So the number of vehicles who would stay in the bus lane is likely minimal at best.",16,Upper Serangoon Rd bus lane removed,t3_1q62qrd,BTO
"Youâ€™re making the assumption that the cons outweigh the pros here. At least give it a while to monitor the changes before making noise about this. When LTA makes these changes, itâ€™s usually data-informed. There likely was a similar situation elsewhere where the removal of the bus lane improved the situation - so theyâ€™re applying it here too. Time will tell whether it works. Continue to advocate for better roads but give it a chance.",16,Upper Serangoon Rd bus lane removed,t3_1q62qrd,BTO
"Many drivers are assholes, yes, but backing up traffic because of these assholes will cause problems for both drivers and public transport users.",14,Upper Serangoon Rd bus lane removed,t3_1q62qrd,BTO
The reasoning and actual result should have been better communicated actually and thank you for explaining it to us,11,Upper Serangoon Rd bus lane removed,t3_1q62qrd,BTO
"The bay is needed because of the large number of services there. This is not helped by the long dwell time of double deckers, which means they will occupy the space for a longer time Exactly why it was useless. Not to mention the dotted lines original start point where the busses exited meant exiting busses and other vehicles turning left or going straight would be merging there... so essentially a safety issue too. Not to mention, the tailback in the estate meant that bus services were being held up as well. This solves most of the problems in one step. If you are talking about the yellow boxes with an outward arrow, these are completely useless in my experience. They are not enforced, unlike bus lanes where you occasionally have an officer camping with a camera Unfortunately 99% of the drivers I've seen at these boxes aren't as considerate as you. Thank you. However to be fair, I think it's just a normal human perception issue where we notice bad stuff, but don't take note of all the good stuff. That being said, I have seen LTA officers checking on these, it's really not necessary. We just need dash cam footage from the busses to highlight to TP/LTA anyone who doesn't so do. If the bus companies are diligent on this, the issue with drivers who don't comply will eventually be solved.",10,Upper Serangoon Rd bus lane removed,t3_1q62qrd,BTO
everything also need to publish a report meh? Like that those workers need spend so many more hours just to show a proper report to public.,9,Upper Serangoon Rd bus lane removed,t3_1q62qrd,BTO
"I think it's also important to understand that this issue is a result of the bus lane's position. It blocks traffic (and traffic blocks the buses) because the bus lane is on the side of the road where turning cars interfere with it. On the other hand, if the bus lane was in the median of the road like in Jakarta, Mexico City, Seoul etc etc etc, the bus lane wouldn't be in the way of turning vehicles. Instead of taking the opportunity to pilot median bus lanes, LTA took the easy (and shit) way out of removing the bus lane altogether. Singapore's bus lanes are already terribly ineffective and the LTA refuses to take steps to improve them and instead chooses to solve their self-inflicted problems by weakening the bus lane further. Why?",9,Upper Serangoon Rd bus lane removed,t3_1q62qrd,BTO
"I agree with you that data transparency could be way better - but LTA is truly one of the most data-centric organisations there is. I donâ€™t doubt that the area has a high number of private vehicle users, and having to please them would add some pressure. But this isnâ€™t one of those situations. I live around the area too - and wish I could take the bus. But at peak hours, it takes me almost 20 mins to get out of upper Serangoon road, ON A BUS. I avoid taking the bus and take the train instead. The road is in a shitty situation and Iâ€™ll take whatever efforts they put in to try to fix it. Iâ€™ll give it a chance to play out before making any noise - but i can at least understand what theyâ€™re trying to do.",8,Upper Serangoon Rd bus lane removed,t3_1q62qrd,BTO
"Again, youâ€™re assuming that this is a concession to cars. Iâ€™m arguing that this premise is false. The traffic is so bad that busses are already affected by the congestion. Allowing the cars to move out of their lanes earlier CAN ease congestion. This means that busses can also benefit from the smoother flow of traffic.",7,Upper Serangoon Rd bus lane removed,t3_1q62qrd,BTO
"exactly, there are many levers that the govt can pull to punish and disincentivize car ownerships, but this is clearly not the issue here raise COE, slap more ERP on major arteries, increase petrol/car taxes/insurances, limit parking spaces, more pedestrian only streets, more pedestrians crossing, limits of car ownerships , removal of stroads etc etc but in this specific case, the bus passengers are paying the price in the congestion too and it needs to be fixed.",5,Upper Serangoon Rd bus lane removed,t3_1q62qrd,BTO
"i drive a fair bit. yes there are plenty of bad drivers. but for the most part, i think the whole spiel about ungracious drivers are taken to an extreme. driving in sg is actually..... ok.",3,Upper Serangoon Rd bus lane removed,t3_1q62qrd,BTO
"We should next get the government to sponsor monster truck on public roads. Making it so your car can be potentially crushed if you are unlucky is a good thing, it forces people out of ridiculously space inefficient cars and into public transport. /s There are good ways and bad ways of doing things. â€œEnforcing a traffic jamâ€, especially one that can delay even the public transports, is not a good one.",2,Upper Serangoon Rd bus lane removed,t3_1q62qrd,BTO
"I live around the area too - and wish I could take the bus. But at peak hours, it takes me almost 20 mins to get out of upper Serangoon road, ON A BUS. So why should the slowest transport method be forced to grant further concessions? It's like giving CDC to some Bt Timah family instead of a rental HDB like Chin Swee Rd",-3,Upper Serangoon Rd bus lane removed,t3_1q62qrd,BTO
"If the argument is ""we have done the studies"", then I don't think it is unreasonable to ask ""what was the study"". It doesn't even need to be polished with colours and whatnot, even the bare minimum is better than ""trust me bro""",-7,Upper Serangoon Rd bus lane removed,t3_1q62qrd,BTO
"Seems to be a small but loud subset of people, not really reflected in real life thankfully. They believe in ideology over practice, absolutes and idols, and that their way is the only way that is best by all metrics and the only metrics that matter are the ones that are personally relevant to personal values, even if in reality it doesnâ€™t work out that way.",-7,Upper Serangoon Rd bus lane removed,t3_1q62qrd,BTO
"The fine data or methodology of such studies have never been released to the public. LTA as a whole generally refuses to disclose any such information. What Icantell you is that such announcements generally emphasise resident feedback first, implying that MP pressure plays a bigger role than whatever LTA was doing",-10,Upper Serangoon Rd bus lane removed,t3_1q62qrd,BTO
"The bus lane there was as good as wasted space since they made the bay to be almost to be ridiculously long. The busses weren't using it as they were traveling in the bay, and other users couldn't use it either ðŸ˜… The bay is needed because of the large number of services there. This is not helped by the long dwell time of double deckers, which means they will occupy the space for a longer time What they should have done from day 1 is change the yellow box (which was in the original dotted area, and hasn't changed) to a mandatory give way to busses sign. That would have helped to speed up bus services. If you are talking about the yellow boxes with an outward arrow, these are completely useless in my experience. They are not enforced, unlike bus lanes where you occasionally have an officer camping with a camera I don't think stopping to give way for a minute or less before turning left to go home would be an issue to me or any other of my fellow residents. Unfortunately 99% of the drivers I've seen at these boxes aren't as considerate as you",-14,Upper Serangoon Rd bus lane removed,t3_1q62qrd,BTO
"So we cave in to assholes by making dotted bus lanes, and now it is just a de facto regular lane. What was the point, then? More people are now incentivised to drive because they think the BOL removal makes it easier, and now traffic is even worse for everyone You guys can downvote ortaunt me in DMsall you want. The fact is that induced demand will screw you over eventually. Why do you think the Americans still have jams despite spamming lanes to no tomorrow?",-23,Upper Serangoon Rd bus lane removed,t3_1q62qrd,BTO
"Making it a pain in the ass to drive is a good thing. It forces people out of ridiculously space inefficient cars and into public transport. So when the LTA caves in by making this part dotted, buses will now suffer even more delays as cars are free to filter out. Eventually more people will drive because it's easier, and traffic for cars too will worsen",-39,Upper Serangoon Rd bus lane removed,t3_1q62qrd,BTO
"Donâ€™t be duped. Number of BTO Flats launched per year- 2011: 25,200 flats
- 2012: 27,000 flats
- 2013: 25,100 flats
- 2014: 22,400 flats
- 2015: 16,900 flats 
- 2016: 17,891 flats
- 2017: 17,548 flats
- 2018: 15,800 flats
- 2019: 14,600 flats
- 2020: 16,800 flats
- 2021: 17,100 flats
- 2022: 23,200 flats
- 2023: 22,800 flats
- 2024: 19,600 flats
- 2025: 19,700 flats That means an average of 17,650 flats-> see edit <-over the next two years. Supply is actually going down but heâ€™s making it seem like he pushed it to go up. Source: 
-Flats supply 2011-2015-Flats supply 2016-2017-Flats supply 2018-2020-Flats supply 2021-2024-Flats supply 2025-2027 (projected): OPâ€™s article â€”- Edit: I reread the article. He says thereâ€™s 19600 flats planned in 2026. That means weâ€™re in for a shocking 15,700 flats to launch in 2027, which will be the second lowest in 17 years. Unless heâ€™s just saying this to make himself look good in the future, give us low numbers now then increase later and then pat himself on the back to say â€œlook what good a job Iâ€™ve done!â€",221,HDB set to pump up BTO flat supply further to moderate resale prices: Chee Hong Tat,t3_1q71nuv,BTO
Pump up supply story been going on for years. Letâ€™s see about the resale prices,180,HDB set to pump up BTO flat supply further to moderate resale prices: Chee Hong Tat,t3_1q71nuv,BTO
"Cause the increase isnâ€™t that much. 2022-2025 were mostly boosted by backlog. Year  Approx. No. of BTO Flats Launched
2001  3,000 2002  2,000 2003  2,000 2004  3,000 2005  3,000 2006  2,000 2007  2,000 2008  5,000 2009  9,000 2010  16,000 2011  25,000 2012  27,000 2013  25,000 2014  22,000 2015  16,000 2016  15,000 2017  17,000 2018  15,000 2019  14000 2020 16000 2021 17100 2022 2320p 2023 22800 2024 19600 2025 19600 2026 19700. 2027 15700",163,HDB set to pump up BTO flat supply further to moderate resale prices: Chee Hong Tat,t3_1q71nuv,BTO
I commend your dedication to find the stats and present them in this table,66,HDB set to pump up BTO flat supply further to moderate resale prices: Chee Hong Tat,t3_1q71nuv,BTO
"Resale pricing is going to get a lot worse. I just got my resale recently at a rather high urgency because if you look at plh model, number of new units per year hitting MOP is going to start dropping off a cliff soon for the prime/plus area since there will be a jump from 5-10 years for the housing units in that category. That's going to directly or indirectly push up the pricing for the resale units as a whole. This is especially the case for 2/3 rooms imo where the main buyer group is singles who cant stand waiting forever to move out from their parents place post 35.",40,HDB set to pump up BTO flat supply further to moderate resale prices: Chee Hong Tat,t3_1q71nuv,BTO
If they remove the wait out period of private owners to move to hdb. Resale will still go up,33,HDB set to pump up BTO flat supply further to moderate resale prices: Chee Hong Tat,t3_1q71nuv,BTO
Elderly are waived from the waiting period.,31,HDB set to pump up BTO flat supply further to moderate resale prices: Chee Hong Tat,t3_1q71nuv,BTO
Add in number of months it takes to buildâ€¦ really pain in the ass,28,HDB set to pump up BTO flat supply further to moderate resale prices: Chee Hong Tat,t3_1q71nuv,BTO
"They actually have not done much till recently. With more supply of new flats at lower prices, home buyers have more choices and this should moderate demand for resale prices. Just ask yourself, if you can get a new flat for cheaper, would you pay significantly higher for a resale?",22,HDB set to pump up BTO flat supply further to moderate resale prices: Chee Hong Tat,t3_1q71nuv,BTO
"Yes, if it means getting a place immediately, Iâ€™ll pay the price. Itâ€™s still significantly cheaper than renting a place.",19,HDB set to pump up BTO flat supply further to moderate resale prices: Chee Hong Tat,t3_1q71nuv,BTO
True. And he did say he is monitoring for a suitable time to drop this restriction.,13,HDB set to pump up BTO flat supply further to moderate resale prices: Chee Hong Tat,t3_1q71nuv,BTO
Elderly can buy 4 room flat and smaller,11,HDB set to pump up BTO flat supply further to moderate resale prices: Chee Hong Tat,t3_1q71nuv,BTO
Nonsense. The number of foreigner workers for construction sector has increased from 300k to 450k. The growth rate % has slow but it doesnâ€™t mean thereâ€™s a cap on workers quota. Construction of new hdb has also moved towards pre fab with 25% productivity increase since 2010. Itâ€™s a deliberate choice to build less not cause â€œlack of workersâ€.,10,HDB set to pump up BTO flat supply further to moderate resale prices: Chee Hong Tat,t3_1q71nuv,BTO
I can accept the COVID backlog...but the two lowest years were 2018 and 2019 which came just before that and likely caused things to snowball,8,HDB set to pump up BTO flat supply further to moderate resale prices: Chee Hong Tat,t3_1q71nuv,BTO
"cheaper than renting Yes but for a lot of people its usually 3 options: stay with parents while waiting for BTO, rent while waiting for BTO, resale.",8,HDB set to pump up BTO flat supply further to moderate resale prices: Chee Hong Tat,t3_1q71nuv,BTO
"as usual, monitoring forever.",4,HDB set to pump up BTO flat supply further to moderate resale prices: Chee Hong Tat,t3_1q71nuv,BTO
"The intention is not to push the elderly to downgrade, but rather to artificially lower demand. However, it works for the first 15 months from implementation. By the start of the 16th month, it's back to normal.",4,HDB set to pump up BTO flat supply further to moderate resale prices: Chee Hong Tat,t3_1q71nuv,BTO
"Good news is not everyone thinks like you, hence the premium will go down as more people bid and get BTO",4,HDB set to pump up BTO flat supply further to moderate resale prices: Chee Hong Tat,t3_1q71nuv,BTO
"MND ministers as per Wikipedia, for those interested: KBW: 2011-2015
LW: 2015-2020
Desmond Lee: 2020-2025
CHT: 2015-present",3,HDB set to pump up BTO flat supply further to moderate resale prices: Chee Hong Tat,t3_1q71nuv,BTO
"Second paragraph â€œIf the demand for new flats remain strong, Iâ€™ve asked HDB to go beyond 55,000 flats so that we are able to meet the strong demand with a robust supply.â€",2,HDB set to pump up BTO flat supply further to moderate resale prices: Chee Hong Tat,t3_1q71nuv,BTO
"Which is strange and conflicting if they want the elderly to downgrade from their condo/landed. Iirc, there's a 12-15(?) month period where these downgraders cannot purchase a resale HDB. Where would they stay for 1.5 years if they were to downgrade? Pumping the rental market instead? So, would they rather these elderly whose children have all moved out stay in a central location, or landed property instead of a younger family? Do the retirees need to stay near the CBD more or a working couple?",1,HDB set to pump up BTO flat supply further to moderate resale prices: Chee Hong Tat,t3_1q71nuv,BTO
There is also the deterrent effect.,1,HDB set to pump up BTO flat supply further to moderate resale prices: Chee Hong Tat,t3_1q71nuv,BTO
"Credit to them, the 3 year or shorter wait time flats offset some potential resale buyers who are more in a rush",1,HDB set to pump up BTO flat supply further to moderate resale prices: Chee Hong Tat,t3_1q71nuv,BTO
"Articles from this site may be behind a paywall which affects others' ability to view the content. If so, please comment a summarised but not copied version of it, or your submission may be removed. I am a bot, and this action was performed automatically. Pleasecontact the moderators of this subredditif you have any questions or concerns.",0,HDB set to pump up BTO flat supply further to moderate resale prices: Chee Hong Tat,t3_1q71nuv,BTO
"I'm not sure if it's relates, but the little india riots in 2013 placed a limit on the foreign workers we could host, limiting the rate of building BTO and hence slowing it down and unless someone from MoM is announcing more foreign workers intake, or that HDB is cannibalizing private developer manpower, there is only so much we can build within a year",-15,HDB set to pump up BTO flat supply further to moderate resale prices: Chee Hong Tat,t3_1q71nuv,BTO
Fee fee fee but none going to benefit the drivers,135,Grab ups platform fee by $0.3 in Jan 2026,t3_1puutn1,CPF
In before grab introduce other form of fees like damage protection fee rider insurance fee sanitation fee platform security fee carbon offset fee trunk use fee -slow traffic fee windy day fee sunny day fee rainy day fee,106,Grab ups platform fee by $0.3 in Jan 2026,t3_1puutn1,CPF
We need more competition to combat corporate greed,76,Grab ups platform fee by $0.3 in Jan 2026,t3_1puutn1,CPF
Seldom use grab nowadays. Ryde or ta-da is my 1st choice. I bought ryde credit or ta-da voucher to save more.,38,Grab ups platform fee by $0.3 in Jan 2026,t3_1puutn1,CPF
"No use, mate. Grab will just acquire them, and CCS sit back and allow it ðŸ¤—",33,Grab ups platform fee by $0.3 in Jan 2026,t3_1puutn1,CPF
Technically a portion of it directly benefits the drivers. The Platform Workers Act mentioned is to additionally compensate Grab platform workers by adding a portion of their incometo their CPF. Just like how working in an actual company requires the company to chip in in your CPF. But it's stupid that it comes from customers directly and not the company...,32,Grab ups platform fee by $0.3 in Jan 2026,t3_1puutn1,CPF
"Heng you did not suggest Monday fee, Tuesday fee, Wednesday fee, Thursday fee, Friday fee, Saturday fee and Sunday fee.",31,Grab ups platform fee by $0.3 in Jan 2026,t3_1puutn1,CPF
"Weekday fee, weekend fee, wash car fee, wash passenger fee",12,Grab ups platform fee by $0.3 in Jan 2026,t3_1puutn1,CPF
"For full transparency, we will be revising and itemising the fees, so you will know the 287 different benefits your fees will help sponsor. Such benefits include adopting 2 retrievers as part of Grab's workplace mental health programme, offering organic zero-carbon lunch sets to our employees, our partnership with Royal Carribean for our fully-subsidised retreats to promote environmentally and culturally-conscious tourism, and an EV subsidy to ensure our upper management can commute to work in an eco-friendly fashion. We appreciate your contribution to helping us ensure everyone in Grab has a bountiful and rich Christmas!",10,Grab ups platform fee by $0.3 in Jan 2026,t3_1puutn1,CPF
We are a very small market tbh. And we actually alr have TADA and Ryde,10,Grab ups platform fee by $0.3 in Jan 2026,t3_1puutn1,CPF
"Well majority coming from workers and customers , with grab putting in the least effort as fare is reduced for worker part as i oso do grab . That is why scratch head why grab still unable to make money after rhey even outsource their support for everyone to some bot . Most likely at this point of time is just a place where rhe higher up take free money only and cannot be bother anymore . Their upgrade oso dk do what keep upgrade but just make the whole interface even lousiee",7,Grab ups platform fee by $0.3 in Jan 2026,t3_1puutn1,CPF
é£Žå’Œæ—¥ä¸½ fee,7,Grab ups platform fee by $0.3 in Jan 2026,t3_1puutn1,CPF
do you have luck booking ryde? i always cant seem to get a car there,6,Grab ups platform fee by $0.3 in Jan 2026,t3_1puutn1,CPF
"Soon they won't need an excuse to trigger a ""I am not happy with you and just want to charge you for something just because I can"" day",5,Grab ups platform fee by $0.3 in Jan 2026,t3_1puutn1,CPF
in the end its a two sided marketplace with demand and supply on both sides,4,Grab ups platform fee by $0.3 in Jan 2026,t3_1puutn1,CPF
Tf like booking a airbnb lol,4,Grab ups platform fee by $0.3 in Jan 2026,t3_1puutn1,CPF
Jiaowei and siaolang fee as well,4,Grab ups platform fee by $0.3 in Jan 2026,t3_1puutn1,CPF
Fee-cos-we-can fee,2,Grab ups platform fee by $0.3 in Jan 2026,t3_1puutn1,CPF
"Support women fee; support minority fee; support because i am chinese fee; support for future robo taxi / driverless car fee; hell, we can charge Grab for suggesting their corp strategy.",2,Grab ups platform fee by $0.3 in Jan 2026,t3_1puutn1,CPF
The easier thing to do is to vote with your dollar. Donâ€™t use them if you can help it. They will slowly bleed out.,2,Grab ups platform fee by $0.3 in Jan 2026,t3_1puutn1,CPF
You want to go crazy? 7am fee. 8am fee. 9am fee. 10am fee. Etc etc On top of peak and off peak hours. And insane mode is: want to feel more secured? Senior Grab Transport Operator fee. Got at least 10 years of driving experience.,1,Grab ups platform fee by $0.3 in Jan 2026,t3_1puutn1,CPF
Well at least let them bleed cash for acquisition if CCS is useless. Then another new entrant. Repeat.,1,Grab ups platform fee by $0.3 in Jan 2026,t3_1puutn1,CPF
The VCs would catch on and there wonâ€™t be new VC backed entrants anymore. More monopoly for the older guys whoâ€™s profitable and they can raise prices even more.,1,Grab ups platform fee by $0.3 in Jan 2026,t3_1puutn1,CPF
"Amen,  we still have Gojek",1,Grab ups platform fee by $0.3 in Jan 2026,t3_1puutn1,CPF
Ryde is pure trash IMO sadly. Higher prices (yes even higher than Grab) and long wait times due to lesser drivers. But still need to support as canâ€™t let Grab be a monopoly fr. Sometimes I just use CDG Zig,0,Grab ups platform fee by $0.3 in Jan 2026,t3_1puutn1,CPF
"For those unaware and with parents who has low retirement savings, the Matched Retirement Savings Scheme is a good way to help boost their retirement adequacy. 100% dollar-for-dollar matching, capped at $2,000 annually. Do note that there are no tax incentives for such cash top-ups, though. https://www.cpf.gov.sg/member/infohub/educational-resources/matched-retirement-savings-scheme-what-you-need-to-know",59,8 Changes to CPF scheme,t3_1pn8leq,CPF
Itâ€™s a nice summary. I would also wait until Budget in Feb 2026 and keep a look out if there are any more changes coming up.,43,8 Changes to CPF scheme,t3_1pn8leq,CPF
Cpf is already way beyond complicated now,31,8 Changes to CPF scheme,t3_1pn8leq,CPF
FRS raised by 3.7% while MAS claimed All item CPI is 1.5%,30,8 Changes to CPF scheme,t3_1pn8leq,CPF
"MA only 4% Things also never discussed. BHS
Increase by 4k (5.6%) in 2025 Increase by 3.5k (4.6%) in 2026 More than our Medisave 4% interest.",20,8 Changes to CPF scheme,t3_1pn8leq,CPF
But itâ€™s still free money even without the tax incentives. ðŸ˜¬,19,8 Changes to CPF scheme,t3_1pn8leq,CPF
Scammers approve this message,18,8 Changes to CPF scheme,t3_1pn8leq,CPF
"Good only if there's no need to beg to withdraw at will post 55. Seriously, not requesting, it's begging with approved reasons. Why tf do I need to explain why I need to withdraw my own money?",15,8 Changes to CPF scheme,t3_1pn8leq,CPF
How do people keep track of this? It seems complicated. FWIW I'm a foreigner so perhaps SC and PR are well educated about this?,11,8 Changes to CPF scheme,t3_1pn8leq,CPF
"Indeed. The ""value"" for dollar-for-dollar matching triumphs the tax savings.",9,8 Changes to CPF scheme,t3_1pn8leq,CPF
"With the amount of scams going around, we will rapidly become a welfare state if we allow full withdrawal of CPF.",7,8 Changes to CPF scheme,t3_1pn8leq,CPF
Well said. The lack of transparency and consistency is extremely unhelpful when people are expected to plan for their retirement and accessibility to such funds when they turn 55/65 is unknown.,6,8 Changes to CPF scheme,t3_1pn8leq,CPF
"Am confused, I understood they back-peddle the tax relief for MRSS this year, but how does CPFB differentiate from the sum we top up for our parents for the popular mainstream RSTU (which still has tax reflect), from the sum we top up for MRSS?",5,8 Changes to CPF scheme,t3_1pn8leq,CPF
Underrated comment !,5,8 Changes to CPF scheme,t3_1pn8leq,CPF
"I just topped up for my MIL at the beginning of the year. When you make contribution to CPFB, I think you need to indicate the purpose of your contribution (eg, contribution to special account, contribution to medisave account, etc)",4,8 Changes to CPF scheme,t3_1pn8leq,CPF
"they will just take the first 2k of the top-up you did as MRSS, and the rest as normal ""mainstream"" top-up which have tax relief.. Example you did 10k top-up this year, first 2k = MRSS, the next 8k have tax relief..",3,8 Changes to CPF scheme,t3_1pn8leq,CPF
"I check the link and did not see when the matched value will come in. Do you know? Eg: if I top up right now 1 k for my mum before 31st Dec. When will the matched 1 k come in? And the condition of ra not more than 106 k. Does it include amount ""paid"" for cpf life?",3,8 Changes to CPF scheme,t3_1pn8leq,CPF
Hard truth most singaporeans dont want to accept,3,8 Changes to CPF scheme,t3_1pn8leq,CPF
"the govt portion will credit in January.. yes, including the paid LIFE premium.. if your mum has received the letter from CPF in Jan 2025 about MRSS then means eligible lo..",2,8 Changes to CPF scheme,t3_1pn8leq,CPF
Means not eligible. Good bye free money.,1,8 Changes to CPF scheme,t3_1pn8leq,CPF
Notice how it was not shown in this chart.,1,8 Changes to CPF scheme,t3_1pn8leq,CPF
Thatâ€™s why I say gg lol,0,8 Changes to CPF scheme,t3_1pn8leq,CPF
Chia yong yong disagrees,0,8 Changes to CPF scheme,t3_1pn8leq,CPF
Itâ€™s not your money if you donâ€™t have access,-5,8 Changes to CPF scheme,t3_1pn8leq,CPF
"It's painful awareness right? I was helping my elders when they hit 65. Can't even get like a bit extra to withdraw even if it's ""theirs"".",-5,8 Changes to CPF scheme,t3_1pn8leq,CPF
No point increasing the total sum if the withdrawal limits (especially for scans like MRI) are still stupidly low. $600 max per year when an MRI costs at least $1k is ridiculous. My Medisave is at the max sum but I still had to pay $400+ out of pocket for my MRI cos of the low limit.,78,"CPF Basic Healthcare Sum to rise to $79,000 for those under 65 from Jan 1",t3_1pmx0cm,CPF
Understand the need for increase for inflation. Shouldn't Annual withdrawal limit for other medical uses like diagnostics (xray etc.) increase as well? It has been stuck at the limits.,49,"CPF Basic Healthcare Sum to rise to $79,000 for those under 65 from Jan 1",t3_1pmx0cm,CPF
Medical inflation is higher than core inflation,43,"CPF Basic Healthcare Sum to rise to $79,000 for those under 65 from Jan 1",t3_1pmx0cm,CPF
just after moh announced more will be deducted from medisave in a bid to help insurance companies,30,"CPF Basic Healthcare Sum to rise to $79,000 for those under 65 from Jan 1",t3_1pmx0cm,CPF
"Yes. To the despair of the â€œFIRE movementâ€, aging population (not just in Singapore but in other countries that compete with us for foreign healthcare workers) means medical costs will go up with no end in sight unless some breakthrough new technology emerges.",24,"CPF Basic Healthcare Sum to rise to $79,000 for those under 65 from Jan 1",t3_1pmx0cm,CPF
400 can go Malaysia do MRI without wait time.,21,"CPF Basic Healthcare Sum to rise to $79,000 for those under 65 from Jan 1",t3_1pmx0cm,CPF
"My subsidy has been slashed by more than half since they made the means testing so much stricter. But medisave usage hasn't changed. It's really surprising how little I can use medisave when I actually use public health so much. As long as its not inpatient, everything is so hard to use.",17,"CPF Basic Healthcare Sum to rise to $79,000 for those under 65 from Jan 1",t3_1pmx0cm,CPF
BHS increases every year regardless of whether any changes in medishield premiums,16,"CPF Basic Healthcare Sum to rise to $79,000 for those under 65 from Jan 1",t3_1pmx0cm,CPF
yup it feels like a giant scam to me. $75k in my Medisave but I'm still paying thousands out of pocket each year for my medicines cos the annual limit for chronic conditions + medicine is very low. It barely even covers 2 or 3 months of my medicines. There are also lots of limits for surgery and inpatient so I really don't know if I'll ever use it up even when I'm old and hopefully not too diseased. Might end up in a situation where I have money in Medisave I can't touch even if I'm actually broke.,13,"CPF Basic Healthcare Sum to rise to $79,000 for those under 65 from Jan 1",t3_1pmx0cm,CPF
Are people able to spend their Medisave? Medisave feels like a giant scam. Itâ€™s way too complicated and restrictive to get money out of it.,12,"CPF Basic Healthcare Sum to rise to $79,000 for those under 65 from Jan 1",t3_1pmx0cm,CPF
I comfort myself by remembering a time when the retirement age was higher than the life expectancy,11,"CPF Basic Healthcare Sum to rise to $79,000 for those under 65 from Jan 1",t3_1pmx0cm,CPF
"With a bit of luck, it can be higher than life expectancy again!",5,"CPF Basic Healthcare Sum to rise to $79,000 for those under 65 from Jan 1",t3_1pmx0cm,CPF
My MRI costs about the same whether it's private or public so it was also over 1k. i still have to ownself pay $400 because can only claim $600 a year from Medisave for scans.,4,"CPF Basic Healthcare Sum to rise to $79,000 for those under 65 from Jan 1",t3_1pmx0cm,CPF
Last yr increase from 71500 to 75500 tho. That was like 4000/71500=5.59% increase.,3,"CPF Basic Healthcare Sum to rise to $79,000 for those under 65 from Jan 1",t3_1pmx0cm,CPF
The overall pot grows bigger.,2,"CPF Basic Healthcare Sum to rise to $79,000 for those under 65 from Jan 1",t3_1pmx0cm,CPF
what? When? Pls enlighten us,2,"CPF Basic Healthcare Sum to rise to $79,000 for those under 65 from Jan 1",t3_1pmx0cm,CPF
https://www.seniorliving.org/library/retirement-changes-dramatically-over-years/ Do note that life expectancy at birth is skewed by high infant and childhood mortalities. Youâ€™re welcome!,2,"CPF Basic Healthcare Sum to rise to $79,000 for those under 65 from Jan 1",t3_1pmx0cm,CPF
"How about UK? Not private. UK life expectancy:https://www.ons.gov.uk/peoplepopulationandcommunity/birthsdeathsandmarriages/lifeexpectancies/articles/howhaslifeexpectancychangedovertime/2015-09-09#:~:text=Life%20expectancy%20at%20age%2065,men%20and%2060%20for%20women UK pension age:https://www.charles-stanley.co.uk/insights/commentary/history-of-the-state-pension",2,"CPF Basic Healthcare Sum to rise to $79,000 for those under 65 from Jan 1",t3_1pmx0cm,CPF
Thanks. This is a more focused on US perspective and many things are â€œprivateâ€ like â€œpension planâ€,1,"CPF Basic Healthcare Sum to rise to $79,000 for those under 65 from Jan 1",t3_1pmx0cm,CPF
"Interesting read haha, thanks , so they started with a staggering age of 70 hehe, probably canâ€™t take our modern life for granted",1,"CPF Basic Healthcare Sum to rise to $79,000 for those under 65 from Jan 1",t3_1pmx0cm,CPF
More breakthrough will actually increase costs more. More and more diseases that were untreatable become treatable. We can manage diseases better and extend lifespan even longer.,1,"CPF Basic Healthcare Sum to rise to $79,000 for those under 65 from Jan 1",t3_1pmx0cm,CPF
another CPF blackhole trick ... keep raising BHS so less money for OA/SA for housing loan/retirement  ... how much medisave you can use even if you hit some critical emergency ?,0,"CPF Basic Healthcare Sum to rise to $79,000 for those under 65 from Jan 1",t3_1pmx0cm,CPF
Something wrong with your mri? My private mri cost 1 k.,-4,"CPF Basic Healthcare Sum to rise to $79,000 for those under 65 from Jan 1",t3_1pmx0cm,CPF
"I recall my mri in ttsh was less than half of my private though. And I didn't need to out of pocket, just medi save. Maybe due to body part? And I checked moh price guide it starts as low as 308. And I thought mri price is not the safe public and private.",-4,"CPF Basic Healthcare Sum to rise to $79,000 for those under 65 from Jan 1",t3_1pmx0cm,CPF
How do i keep motivation at work without increments and bonus?,65,Sâ€™pore firms to keep pay rises steady at 3% to 6% in 2026; some plan smaller bonuses: HR firms,t3_1pn72zn,inflation
Pizza ðŸ• and team bonding ðŸ•ºðŸ»ðŸ•ºðŸ» /s,48,Sâ€™pore firms to keep pay rises steady at 3% to 6% in 2026; some plan smaller bonuses: HR firms,t3_1pn72zn,inflation
I got -100%. Promoted to customer,30,Sâ€™pore firms to keep pay rises steady at 3% to 6% in 2026; some plan smaller bonuses: HR firms,t3_1pn72zn,inflation
"i always wonder what is the logic behind â€œteam bondingâ€ or â€œteam gatheringâ€, while in daily works, colleagues induce pains instead",20,Sâ€™pore firms to keep pay rises steady at 3% to 6% in 2026; some plan smaller bonuses: HR firms,t3_1pn72zn,inflation
"I do not trust these news already, 1 day say no increase, another say good increment, flip here and there.",19,Sâ€™pore firms to keep pay rises steady at 3% to 6% in 2026; some plan smaller bonuses: HR firms,t3_1pn72zn,inflation
The worst fucking part is they (bosses) don't even do the team bonding planning. It rotations around my team and I fucking dread it.,17,Sâ€™pore firms to keep pay rises steady at 3% to 6% in 2026; some plan smaller bonuses: HR firms,t3_1pn72zn,inflation
Now now dun get my hopes up.,10,Sâ€™pore firms to keep pay rises steady at 3% to 6% in 2026; some plan smaller bonuses: HR firms,t3_1pn72zn,inflation
Boss suggested to have a year end dinner then mentioned disclaimer that it is self funded -.-,9,Sâ€™pore firms to keep pay rises steady at 3% to 6% in 2026; some plan smaller bonuses: HR firms,t3_1pn72zn,inflation
"i guess i must have teleported to another country whenever i step through the office hellhole, i mean door",8,Sâ€™pore firms to keep pay rises steady at 3% to 6% in 2026; some plan smaller bonuses: HR firms,t3_1pn72zn,inflation
"That's not true, not true at all. I wouldn't be so optimistic. Maybe 1-2% of companies lol. Rest will keep wages stagnant while COL and inflation rise.",7,Sâ€™pore firms to keep pay rises steady at 3% to 6% in 2026; some plan smaller bonuses: HR firms,t3_1pn72zn,inflation
Yeah I even bookmarked them. Itâ€™s super inconsistent,6,Sâ€™pore firms to keep pay rises steady at 3% to 6% in 2026; some plan smaller bonuses: HR firms,t3_1pn72zn,inflation
"Fruit day â€œGuys, remember to apply leave for Friday only, Saturday is free ;) so you can attend the team bonding on both days Friday and Saturday. â€œ",5,Sâ€™pore firms to keep pay rises steady at 3% to 6% in 2026; some plan smaller bonuses: HR firms,t3_1pn72zn,inflation
â€œCannot be cannot be. I personally know 5 people who were laid off this year. 5!â€,5,Sâ€™pore firms to keep pay rises steady at 3% to 6% in 2026; some plan smaller bonuses: HR firms,t3_1pn72zn,inflation
Find it hard to believe that it will be wide spread ðŸ˜…,4,Sâ€™pore firms to keep pay rises steady at 3% to 6% in 2026; some plan smaller bonuses: HR firms,t3_1pn72zn,inflation
HR: Trust me bro,4,Sâ€™pore firms to keep pay rises steady at 3% to 6% in 2026; some plan smaller bonuses: HR firms,t3_1pn72zn,inflation
"I would not stay in any job that requires regular ""team bonding"" activities especially if after work hours or weekends.",3,Sâ€™pore firms to keep pay rises steady at 3% to 6% in 2026; some plan smaller bonuses: HR firms,t3_1pn72zn,inflation
Scant consolation,3,Sâ€™pore firms to keep pay rises steady at 3% to 6% in 2026; some plan smaller bonuses: HR firms,t3_1pn72zn,inflation
"Durians, d&d, rto and clapping ðŸ‘",2,Sâ€™pore firms to keep pay rises steady at 3% to 6% in 2026; some plan smaller bonuses: HR firms,t3_1pn72zn,inflation
Boss: be glad you still have your job,2,Sâ€™pore firms to keep pay rises steady at 3% to 6% in 2026; some plan smaller bonuses: HR firms,t3_1pn72zn,inflation
"Crying silently with 0% increase in 2023, 2024 and 2025.",2,Sâ€™pore firms to keep pay rises steady at 3% to 6% in 2026; some plan smaller bonuses: HR firms,t3_1pn72zn,inflation
"Yall have pizza, all I have is macs",1,Sâ€™pore firms to keep pay rises steady at 3% to 6% in 2026; some plan smaller bonuses: HR firms,t3_1pn72zn,inflation
â€œBe happy you have a job in this economyâ€ - boss and senior management,1,Sâ€™pore firms to keep pay rises steady at 3% to 6% in 2026; some plan smaller bonuses: HR firms,t3_1pn72zn,inflation
"Wtf, why you still there?",1,Sâ€™pore firms to keep pay rises steady at 3% to 6% in 2026; some plan smaller bonuses: HR firms,t3_1pn72zn,inflation
You dont have to. See if you can coast without being fired or find a new job with motivation. Your life your choice.,0,Sâ€™pore firms to keep pay rises steady at 3% to 6% in 2026; some plan smaller bonuses: HR firms,t3_1pn72zn,inflation
At the same time you wouldn't want them to only be present for team bonding planning and call it leadership.,-1,Sâ€™pore firms to keep pay rises steady at 3% to 6% in 2026; some plan smaller bonuses: HR firms,t3_1pn72zn,inflation
Why should hawkers be the ones sacrificing themselves to keep food affordable? Why not landlords instead?,435,Been witnessing influx of kindness by local hawkers. Another offer of affordable food at Jurong West,t3_1prcuka,inflation
"Correct. It is like asking workers to work OT without the company paying them OT pay as they're ""white-collar"" workers. Who benefits? The company, additional free hours of labour. Who loses out? The workers, just to keep the ship running to meet some arbitrary deadline. But they'll pit workers against each other, I can replace you (labour laws). Or fear monger, if you don't OT for free the company will collapse and you'll be out of a job.",100,Been witnessing influx of kindness by local hawkers. Another offer of affordable food at Jurong West,t3_1prcuka,inflation
"Don't think they're saying we should stop individual hawkers from being by kind, but more pressure should be placed on landlords/controlling rent so hawkers can actually afford to be kind",71,Been witnessing influx of kindness by local hawkers. Another offer of affordable food at Jurong West,t3_1prcuka,inflation
"In theory I agree with you, but if individual hawkers want to be kind, why should they be stopped?",35,Been witnessing influx of kindness by local hawkers. Another offer of affordable food at Jurong West,t3_1prcuka,inflation
"Can also get the uncle to return trays, clean the tables, wash the toilets, deliver food personally to every table, and while weâ€™re at it might as well deliver for all the Grab and Foodpanda riders too",30,Been witnessing influx of kindness by local hawkers. Another offer of affordable food at Jurong West,t3_1prcuka,inflation
I believe it is part of HDB initiative:https://www.gowhere.gov.sg/budgetmeal/,29,Been witnessing influx of kindness by local hawkers. Another offer of affordable food at Jurong West,t3_1prcuka,inflation
"This is some random redditor's appreciation post, not an ST article a lar/orphancrushingmachine",13,Been witnessing influx of kindness by local hawkers. Another offer of affordable food at Jurong West,t3_1prcuka,inflation
It looks more like add rice = $2 ðŸ˜… But of course you can always ask the stall owner for some clarity,9,Been witnessing influx of kindness by local hawkers. Another offer of affordable food at Jurong West,t3_1prcuka,inflation
Usually budget meal is high carb minimal protein and fibre meals (other than cf stalls). So if this vendor is offering this set as budget meal kudos to them!,8,Been witnessing influx of kindness by local hawkers. Another offer of affordable food at Jurong West,t3_1prcuka,inflation
"The same reason why billion dollar corp like McD ask if youâ€™ll like to round up to nearest dollar for charity. 
R/Orphancrushingmachine",5,Been witnessing influx of kindness by local hawkers. Another offer of affordable food at Jurong West,t3_1prcuka,inflation
Because sometimes this kindness is contractual and not freely offered.,1,Been witnessing influx of kindness by local hawkers. Another offer of affordable food at Jurong West,t3_1prcuka,inflation
Then do you have contractual proof like KF Seetoh?,1,Been witnessing influx of kindness by local hawkers. Another offer of affordable food at Jurong West,t3_1prcuka,inflation
"The Ministry of National Development (MND) and Housing & Development Board (HDB) announced the budget meal initiative in March 2023 to provide Singaporeans with more affordable food options. Under the initiative, all rental HDB coffee shops that are renewing their tenancies from May 2023 will be required to offer at least four budget meals and two budget drink options. Budget meals include lunch or dinner options that are typically priced at $3.50 and below, and drinks priced at $1.20 and below. will be required to",1,Been witnessing influx of kindness by local hawkers. Another offer of affordable food at Jurong West,t3_1prcuka,inflation
"The offer in OP's pic is temporary, not a permanent one which falls under that scheme",1,Been witnessing influx of kindness by local hawkers. Another offer of affordable food at Jurong West,t3_1prcuka,inflation
"PAP scrapped rent control law. Increased utilities, transport, gst twice. And ""death by a thousand cuts"" numerous small increases like TC fees so we don't notice. Yet they keep denying that they are responsible for high cost of living! Many have forgotten Singapore has been winning most expensive city for many years even before covid, before Ukraine war. Neverending influx causing hyperinflation . They quietly increased the population by 800k after the pandemic and this was 1 plus years ago.",1,Been witnessing influx of kindness by local hawkers. Another offer of affordable food at Jurong West,t3_1prcuka,inflation
Thatâ€™s why everywhere closing down!!! But whatâ€™s the reason they gave for rent control?!,1,Been witnessing influx of kindness by local hawkers. Another offer of affordable food at Jurong West,t3_1prcuka,inflation
Hey hey hey! Those continental car installments ainâ€™t cheap you know!,1,Been witnessing influx of kindness by local hawkers. Another offer of affordable food at Jurong West,t3_1prcuka,inflation
Kenna downvoted so badly I feel bad for you. Anyway donâ€™t you know old folks like to suck the meat off the bones?,0,Been witnessing influx of kindness by local hawkers. Another offer of affordable food at Jurong West,t3_1prcuka,inflation
I hope uncle remove the bones for the old folks,-53,Been witnessing influx of kindness by local hawkers. Another offer of affordable food at Jurong West,t3_1prcuka,inflation
